Year,Average Policy Rate
2003,25.333333333333332
2004,18.875
2005,16.333333333333332
2006,14.166666666666666
2007,12.75
2008,15.559999999999999
2009,18.4
2010,14.3
2011,12.75
2012,14.6
2013,15.8
2014,19.0
2015,23.6
2016,25.916666666666668
2017,22.25
2018,17.333333333333332
2019,16.0
2020,14.75
2021,14.0
2022,20.428571428571427
